Industry,Total views
Food and Beverage Manufacturing,1
Construction,2
Industrial Machinery Manufacturing,9
Human Resources Services,6
Research Services,5
Armed Forces,13
Architecture and Planning,3
Maritime Transportation,2
International Affairs,2
IT Services and IT Consulting,90
Government Administration,12
Public Relations and Communications Services,10
Business Consulting and Services,8
Medical Practices,2
Hospitals and Health Care,13
Utilities,6
Medical Equipment Manufacturing,1
Non-profit Organizations,1
Defense and Space Manufacturing,7
Outsourcing and Offshoring Consulting,4
Writing and Editing,3
Software Development,24
Staffing and Recruiting,30
"Technology, Information and Internet",2
Advertising Services,5
Environmental Services,5
